brandid,treeloss_sum,land_area,forest_area,treeloss_2001,treeloss_2002,treeloss_2003,treeloss_2004,treeloss_2005,treeloss_2006,treeloss_2007,treeloss_2008,treeloss_2009,treeloss_2010,treeloss_2011,treeloss_2012,treeloss_2013,treeloss_2014,treeloss_2015,treeloss_2016,treeloss_2017,treeloss_2018,treeloss_2019,treeloss_sum_proportion_of_land,treeloss_sum_proportion_of_forest,remaining_proportion_of_forest
1,2547283.0263529415,7459526.92552941,6324462.752470586,102626.9054117647,81867.47823529411,51089.06152941177,184782.77258823533,189246.92682352941,172939.17635294117,149832.91164705885,143089.3605882353,167277.06105882346,186913.95776470588,152593.7936470588,171647.49811764708,104544.57952941177,156248.37635294118,91170.6677647059,151785.0458823529,100775.19988235293,97893.75070588234,90958.50247058822,0.3414805056383865,0.40276670541823834,0.5972332945817617
2,22724909.50941177,82010075.31317651,71411871.95188239,622003.2310588238,659343.8417647062,392554.8483529412,1082082.0550588234,1037560.2328235292,1215655.307647059,1210008.075529412,1272894.7351764708,1691130.4401176472,1153393.4548235293,1341729.2403529414,2012568.440117647,1042436.8690588234,1616946.722117648,1309626.9917647052,1951817.7134117652,1104516.5844705873,1037976.8230588231,970663.9027058827,0.277098995734742,0.3182231313684636,0.6817768686315364
3,23098165.706470583,83610163.48941179,72682038.34905888,624718.729411765,665244.133411765,422654.27117647056,1097374.2021176473,1046127.8174117643,1253326.9669411767,1250046.1171764706,1293589.191529412,1714358.9160000004,1162650.8774117648,1349508.407647059,2025161.3657647064,1050087.0497647058,1634069.9731764717,1337336.1324705882,2015453.3036470592,1116553.3658823525,1048500.6875294116,991404.1980000002,0.2762602624188827,0.31779743979579334,0.6822025602042067
4,9144958.037294114,24560610.532941155,20808657.534352943,290945.5065882351,274136.9823529412,134435.53835294122,523060.33305882354,511745.3897647061,586580.3703529412,577213.2914117645,588668.1765882353,717787.3249411765,497932.28152941214,490486.660588235,844893.2004705878,385115.64811764716,520107.85094117606,398123.4557647058,692618.9992941173,410082.6907058823,364093.467882353,336930.86858823523,0.37234245561724627,0.4394785210048622,0.5605214789951378
5,21820577.996117663,75921603.9405883,65848369.82258829,601331.4550588236,632924.209411765,373371.62964705896,1050859.2684705874,1005287.5274117646,1184210.5496470595,1170774.4919999999,1236319.895647059,1637273.0378823525,1128862.0334117643,1309300.0828235284,1947427.0722352949,998543.245764706,1537437.1574117658,1241736.512117647,1826430.9003529416,1044465.3285882352,981062.5965882345,912961.001647058,0.2874093388911164,0.3313761305694836,0.6686238694305164
6,22828368.492705878,82480827.4927059,71884730.466353,618480.7044705886,657778.4117647064,418683.6070588236,1080208.9302352942,1036720.914352941,1215068.2302352942,1219162.701529412,1273094.4709411769,1701364.3312941182,1155896.3650588237,1344374.979529412,2014219.0937647067,1043938.4869411764,1622036.4098823539,1314041.6890588233,1992303.9907058822,1105021.5889411757,1040400.2294117644,975573.357529412,0.27677181699861925,0.31756909074578954,0.6824309092542105
7,22466953.865294125,80527881.04129417,69965394.12917656,611850.6554117649,651764.1338823534,381854.588117647,1069862.2139999997,1026975.7432941172,1206796.1195294124,1199051.0128235293,1263872.7776470585,1679361.9787058823,1141866.792,1331017.5751764704,1998360.8227058828,1032435.9970588237,1597870.0987058836,1295363.1900000004,1914671.6078823532,1086484.4788235293,1018010.9036470585,959483.1758823523,0.2789959648109109,0.32111523339400566,0.6788847666059943
8,21868681.957058817,75731868.9614119,66139567.85329418,594164.5715294121,633518.0467058823,371043.9074117648,1047557.0399999999,1004567.2132941174,1178773.723764706,1171463.58917647,1236376.2561176468,1638804.2121176452,1121191.8367058816,1291192.5423529414,1941692.662588236,992743.3605882347,1549628.8750588247,1253107.7770588237,1868561.2934117648,1057715.4381176473,988131.9878823522,928447.6231764703,0.28876458823697715,0.33064446392462504,0.6693555360753749
