,brandid,mill_count,rspo_mill_count,unique_parent_co,unique_group_name,nonrspo_mill_count,brand,country,rspo_member_since,external_link,description_attribution,description,treeloss_sum,land_area,forest_area,treeloss_2001,treeloss_2002,treeloss_2003,treeloss_2004,treeloss_2005,treeloss_2006,treeloss_2007,treeloss_2008,treeloss_2009,treeloss_2010,treeloss_2011,treeloss_2012,treeloss_2013,treeloss_2014,treeloss_2015,treeloss_2016,treeloss_2017,treeloss_2018,treeloss_2019,treeloss_sum_proportion_of_land,treeloss_sum_proportion_of_forest,remaining_proportion_of_forest,risk_score_past,risk_score_current,risk_score_future
1,6,826,154,159,685,672,"General Mills, Inc",United States,2012-02-03,https://www.generalmills.com/en/Responsibility/Sustainability/sustainable-sourcing,RSPO,"General Mills manufactures and markets branded consumer foods worldwide. The company offers cereals, yogurt, soup, dinners, vegetables, dough products, dessert and baking mixes, pizza and pizza snacks, snacks; and a range of organic products, including soup, cereals; ice cream and frozen desserts, and grain snacks. General mills currently uses palm in a number of products. It sells its products through its direct sales personnel to grocery stores and other retailers. The company was founded in 1928 and is based in Minneapolis, Minnesota.",22828368.49270588,82480827.49270591,71884730.466353,618480.7044705886,657778.4117647064,418683.6070588236,1080208.9302352942,1036720.914352941,1215068.2302352942,1219162.701529412,1273094.4709411769,1701364.3312941182,1155896.3650588235,1344374.979529412,2014219.093764707,1043938.4869411764,1622036.4098823534,1314041.689058823,1992303.9907058824,1105021.5889411757,1040400.2294117644,975573.357529412,0.27677181699861925,0.31756909074578954,0.6824309092542105,2,2,3
3,2,822,156,160,685,666,Kellogg Company,United States,2018-07-28,http://crreport.kelloggcompany.com/esg-overview,Wikipedia,"The Kellogg Company, doing business as Kellogg's, is an American multinational food manufacturing company headquartered in Battle Creek, Michigan, United States. Kellogg's produces cereal and convenience foods, including crackers and toaster pastries and markets their products by several well known brands including Corn Flakes, Frosted Flakes, Pringles, Eggo, and Cheez-It. Kellogg's mission statement is ""Nourishing families so they can flourish and thrive.""Kellogg's products are manufactured and marketed in over 180 countries. Kellogg's largest factory is at Trafford Park in Trafford, Greater Manchester, United Kingdom, which is also the location of its UK headquarters. Other corporate office locations outside of Battle Creek include Chicago, Dublin (European Headquarters), Shanghai, and Quertaro City.",22724909.50941177,82010075.31317651,71411871.9518824,622003.2310588239,659343.8417647062,392554.84835294116,1082082.0550588234,1037560.2328235292,1215655.307647059,1210008.0755294117,1272894.7351764708,1691130.4401176472,1153393.454823529,1341729.2403529414,2012568.440117647,1042436.8690588234,1616946.7221176482,1309626.9917647052,1951817.7134117647,1104516.584470587,1037976.8230588231,970663.9027058828,0.277098995734742,0.31822313136846353,0.6817768686315364,2,2,3
5,3,820,153,160,681,667,PepsiCo,United States,2009-05-06,https://www.pepsico.com/sustainability/esg-topics-a-z,Wikipedia,"PepsiCo, Inc. is an American multinational food, snack and beverage corporation headquartered in Harrison, New York, in the hamlet of Purchase. PepsiCo has interests in the manufacturing, marketing, and distribution of grain-based snack foods, beverages, and other products. PepsiCo was formed in 1965 with the merger of the Pepsi-Cola Company and Frito-Lay, Inc. PepsiCo has since expanded from its namesake product Pepsi to a broader range of food and beverage brands, the largest of which included an acquisition of Tropicana Products in 1998 and the Quaker Oats Company in 2001, which added the Gatorade brand to its portfolio.",23098165.706470586,83610163.48941179,72682038.34905887,624718.729411765,665244.133411765,422654.27117647056,1097374.2021176473,1046127.8174117644,1253326.966941177,1250046.1171764706,1293589.191529412,1714358.9160000002,1162650.8774117648,1349508.407647059,2025161.3657647062,1050087.0497647058,1634069.9731764712,1337336.1324705882,2015453.303647059,1116553.3658823522,1048500.6875294115,991404.1980000002,0.2762602624188827,0.3177974397957934,0.6822025602042066,2,2,3
7,7,777,144,155,654,633,The Hershey Company,United States,2011-04-21,https://www.thehersheycompany.com/en_us/sustainability/shared-business/palm-oil-facts.html,RSPO,"The Hershey Company is headquartered in the United States in Hershey, Pennsylvania and was founded in 1894 by Milton S. Hershey. Hershey is the largest producer of quality chocolate in North America and a global leader in chocolate and sugar confectionery. We market confectionery products in over 50 countries worldwide, employ more than 12,000 people and have revenues of more than $ 5 billion per year. Our mission is to bring sweet moments of Hershey happiness to the world every day. We do this through our values of being open to possibilities, making a difference, growing together and being one Hershey. This mission and these values are at the core of our work in Corporate Social Responsibility (CSR). We are building on Milton Hershey's legacy of commitment to consumers, community and children, by providing high-quality Hershey products while conducting our business in a socially responsible and environmentally sustainable manner. We have organized CSR-related business issues in four areas: environment, community, workplace and marketplace. In each area, we have defined priority statements and measurable targets. Our programs, priorities and targets are found in our CSR Report: www.thehersheycompany.com/social-responsibility/csr-report We will provide updates on our progress in future scorecard updates and CSR Reports. Regarding the Environment, we have identified sustainable sourcing as a priority. We seek to better understand the impacts of our current inputs and to learn how we can meet product requirements with more sustainable sourcing.",22466953.865294125,80527881.04129416,69965394.12917656,611850.655411765,651764.1338823534,381854.58811764704,1069862.2139999995,1026975.7432941172,1206796.1195294124,1199051.0128235293,1263872.7776470585,1679361.9787058826,1141866.7920000001,1331017.5751764702,1998360.8227058826,1032435.9970588236,1597870.0987058838,1295363.1900000004,1914671.607882353,1086484.478823529,1018010.9036470584,959483.1758823524,0.2789959648109109,0.3211152333940057,0.6788847666059943,2,2,3
4,8,686,146,141,579,540,L'Oreal,France,2004-05-17,https://www.loreal.com/en/commitments-and-responsibilities/for-our-products/,RSPO,"Founded in 1907, L'Oreal is the first cosmetics company in the world with consolidated sales of 25,84 billion euros in 2016. The group has a global workforce of 89 300 employees and maintains a portfolio of 34 international brands, sold in 140 countries.. L'Oreal is the cosmetics industry's largest investor in research with 3.3% of the Group annual turnover dedicated to R&D.",21868681.95705882,75731868.96141191,66139567.85329418,594164.5715294121,633518.0467058823,371043.9074117648,1047557.0399999996,1004567.2132941171,1178773.723764706,1171463.58917647,1236376.2561176468,1638804.2121176454,1121191.836705882,1291192.5423529414,1941692.662588236,992743.3605882348,1549628.8750588247,1253107.7770588235,1868561.2934117648,1057715.438117647,988131.9878823522,928447.6231764705,0.2887645882369772,0.3306444639246251,0.6693555360753749,3,3,3
2,5,589,106,141,509,483,Johnson & Johnson,United States,2006-10-03,https://www.jnj.com/sustainability-reporting,Wikipedia,"Johnson & Johnson is an American multinational corporation founded in 1886 that develops medical devices, pharmaceutical, and consumer packaged goods. Its common stock is a component of the Dow Jones Industrial Average and the company is ranked No. 37 on the 2018 Fortune 500 list of the largest United States corporations by total revenue. Johnson & Johnson is one of the world's most valuable companies. Johnson & Johnson is headquartered in New Brunswick, New Jersey, the consumer division being located in Skillman, New Jersey. The corporation includes some 250 subsidiary companies with operations in 60 countries and products sold in over 175 countries. Johnson & Johnson had worldwide sales of $70.1 billion during calendar year 2015. Johnson & Johnson's brands include numerous household names of medications and first aid supplies. Among its well-known consumer products are the Band-Aid Brand line of bandages, Tylenol medications, Johnson's Baby products, Neutrogena skin and beauty products, Clean & Clear facial wash and Acuvue contact lenses.",21820577.996117666,75921603.94058828,65848369.82258828,601331.4550588236,632924.209411765,373371.62964705896,1050859.2684705874,1005287.5274117645,1184210.5496470595,1170774.492,1236319.895647059,1637273.0378823527,1128862.0334117643,1309300.0828235284,1947427.0722352946,998543.2457647059,1537437.157411766,1241736.5121176469,1826430.9003529416,1044465.3285882352,981062.5965882344,912961.001647058,0.2874093388911165,0.3313761305694837,0.6686238694305163,3,3,3
6,4,92,43,26,69,49,Royal FrieslandCampina N.V.,Netherlands,2007-12-31,https://www.frieslandcampina.com/sustainability/,Wikipedia,"Royal FrieslandCampina N.V. is a Dutch multinational dairy cooperative which is based in Amersfoort, Netherlands. It is the result of a merger between Friesland Foods and Campina on 31 December 2008.  It is the world's largest dairy co-operative and one of the top 5 dairy companies in the world with annual revenue of 11 billion euros (2016). FrieslandCampina has branch offices in 33 countries and employs a total of 21,927 people.  Its main brands are Friesche Vlag (or Frisian Flag in Indonesian market), Chocomel, Fristi, Friso, Dutch Lady, Milner, Campina, Landliebe, Optimel, Mona and ""Mix'it"". FrieslandCampina's products are sold in more than 100 countries.",9144958.037294114,24560610.532941155,20808657.534352943,290945.5065882351,274136.98235294124,134435.53835294122,523060.33305882354,511745.3897647061,586580.3703529412,577213.2914117646,588668.1765882353,717787.3249411766,497932.2815294122,490486.660588235,844893.2004705878,385115.6481176472,520107.8509411761,398123.4557647058,692618.9992941172,410082.69070588227,364093.467882353,336930.86858823523,0.3723424556172463,0.4394785210048622,0.5605214789951378,5,5,3
0,1,13,13,5,7,0,Ferrero,Luxembourg,2005-01-17,https://www.ferrerocsr.com/,Wikipedia & RSPO,"Ferrero SpA, more commonly known as Ferrero Group, is an Italian manufacturer of branded chocolate and confectionery products, and the second biggest chocolate producer and confectionery company in the world. It was founded in 1946 in Alba, Piedmont, Italy, by Pietro Ferrero, a confectioner and small-time pastry maker who laid the groundwork for Nutella and famously added hazelnut to save money on chocolate. Family-owned to this day, the company has built itself into an international group with commercial interests in the Americas, Australasia, Asia and Africa, as well as in Western and Eastern Europe. The Group, which is headquartered in Luxembourg, has three R&D centres and twenty production plants.  Thanks to the dedicated commitment of 22,000 employees, brands like Nutella, Ferrero Rocher, Mon Cheri, Tic Tac, Kinder Bueno, Kinder Sorpresa and Raffaello have become worldwide successes.  For Ferrero, respecting nature is so important that the Group considers the objectives of its environmental policy on a par with its production goals. In order to do this, it has set ambitious goals on every impact it could have on the environment.",2547283.026352941,7459526.92552941,6324462.752470586,102626.9054117647,81867.47823529411,51089.06152941177,184782.77258823533,189246.92682352941,172939.17635294114,149832.91164705885,143089.3605882353,167277.06105882346,186913.95776470585,152593.79364705874,171647.49811764708,104544.57952941176,156248.37635294118,91170.6677647059,151785.0458823529,100775.19988235293,97893.75070588234,90958.50247058824,0.3414805056383865,0.4027667054182384,0.5972332945817617,5,3,3
